image,label
images/potholes/img0001.jpg,pothole
images/potholes/img0002.jpg,pothole
images/potholes/img0003.jpg,pothole
images/potholes/img0004.jpg,pothole
images/potholes/img0005.jpg,pothole
images/potholes/img0006.jpg,pothole
images/potholes/img0007.jpg,pothole
images/potholes/img0008.jpg,pothole
images/potholes/img0009.jpg,pothole
images/potholes/img0010.jpg,pothole
images/potholes/img0011.jpg,pothole
images/potholes/img0012.jpg,pothole
images/potholes/img0013.jpg,pothole
images/potholes/img0014.jpg,pothole
images/potholes/img0015.jpg,pothole
images/potholes/img0016.jpg,pothole
images/potholes/img0017.jpg,pothole
images/potholes/img0018.jpg,pothole
images/potholes/img0019.jpg,pothole
images/potholes/img0020.jpg,pothole
images/potholes/img0021.jpg,pothole
images/potholes/img0022.jpg,pothole
images/potholes/img0023.jpg,pothole
images/potholes/img0024.jpg,pothole
images/potholes/img0025.jpg,pothole
images/potholes/img0026.jpg,pothole
images/potholes/img0027.jpg,pothole
images/potholes/img0028.jpg,pothole
images/potholes/img0029.jpg,pothole
images/potholes/img0030.jpg,pothole
images/potholes/img0031.jpg,pothole
images/potholes/img0032.jpg,pothole
images/potholes/img0033.jpg,pothole
images/potholes/img0034.jpg,pothole
images/potholes/img0035.jpg,pothole
images/potholes/img0036.jpg,pothole
images/potholes/img0037.jpg,pothole
images/potholes/img0038.jpg,pothole
images/potholes/img0039.jpg,pothole
images/potholes/img0040.jpg,pothole
images/potholes/img0041.jpg,pothole
images/potholes/img0042.jpg,pothole
images/potholes/img0043.jpg,pothole
images/potholes/img0044.jpg,pothole
images/potholes/img0045.jpg,pothole
images/potholes/img0046.jpg,pothole
images/potholes/img0047.jpg,pothole
images/potholes/img0048.jpg,pothole
images/potholes/img0049.jpg,pothole
images/potholes/img0050.jpg,pothole
images/potholes/img0051.jpg,pothole
images/potholes/img0052.jpg,pothole
images/potholes/img0053.jpg,pothole
images/potholes/img0054.jpg,pothole
images/potholes/img0055.jpg,pothole
images/potholes/img0056.jpg,pothole
images/potholes/img0057.jpg,pothole
images/potholes/img0058.jpg,pothole
images/potholes/img0059.jpg,pothole
images/potholes/img0060.jpg,pothole
images/potholes/img0061.jpg,pothole
images/potholes/img0062.jpg,pothole
images/potholes/img0063.jpg,pothole
images/potholes/img0064.jpg,pothole
images/potholes/img0065.jpg,pothole
images/potholes/img0066.jpg,pothole
images/potholes/img0067.jpg,pothole
images/potholes/img0068.jpg,pothole
images/potholes/img0069.jpg,pothole
images/potholes/img0070.jpg,pothole
images/potholes/img0071.jpg,pothole
images/potholes/img0072.jpg,pothole
images/potholes/img0073.jpg,pothole
images/potholes/img0074.jpg,pothole
images/potholes/img0075.jpg,pothole
images/potholes/img0076.jpg,pothole
images/potholes/img0077.jpg,pothole
images/potholes/img0078.jpg,pothole
images/potholes/img0079.jpg,pothole
images/potholes/img0080.jpg,pothole
images/potholes/img0081.jpg,pothole
images/potholes/img0082.jpg,pothole
images/potholes/img0083.jpg,pothole
images/potholes/img0084.jpg,pothole
images/potholes/img0085.jpg,pothole
images/potholes/img0086.jpg,pothole
images/potholes/img0087.jpg,pothole
images/potholes/img0088.jpg,pothole
images/potholes/img0089.jpg,pothole
images/potholes/img0090.jpg,pothole
images/potholes/img0091.jpg,pothole
images/potholes/img0092.jpg,pothole
images/potholes/img0093.jpg,pothole
images/potholes/img0094.jpg,pothole
images/potholes/img0095.jpg,pothole
images/potholes/img0096.jpg,pothole
images/potholes/img0097.jpg,pothole
images/potholes/img0098.jpg,pothole
images/potholes/img0099.jpg,pothole
images/potholes/img0100.jpg,pothole
images/potholes/img0101.jpg,pothole
images/potholes/img0102.jpg,pothole
images/potholes/img0103.jpg,pothole
images/potholes/img0104.jpg,pothole
images/potholes/img0105.jpg,pothole
images/potholes/img0106.jpg,pothole
images/potholes/img0107.jpg,pothole
images/potholes/img0108.jpg,pothole
images/potholes/img0109.jpg,pothole
images/potholes/img0110.jpg,pothole
images/potholes/img0111.jpg,pothole
images/potholes/img0112.jpg,pothole
images/potholes/img0113.jpg,pothole
images/potholes/img0114.jpg,pothole
images/potholes/img0115.jpg,pothole
images/potholes/img0116.jpg,pothole
images/potholes/img0117.jpg,pothole
images/potholes/img0118.jpg,pothole
images/potholes/img0119.jpg,pothole
images/potholes/img0120.jpg,pothole
images/potholes/img0121.jpg,pothole
images/potholes/img0122.jpg,pothole
images/potholes/img0123.jpg,pothole
images/potholes/img0124.jpg,pothole
images/potholes/img0125.jpg,pothole
images/potholes/img0126.jpg,pothole
images/potholes/img0127.jpg,pothole
images/potholes/img0128.jpg,pothole
images/potholes/img0129.jpg,pothole
images/potholes/img0130.jpg,pothole
images/potholes/img0131.jpg,pothole
images/potholes/img0132.jpg,pothole
images/potholes/img0133.jpg,pothole
images/potholes/img0134.jpg,pothole
images/potholes/img0135.jpg,pothole
images/potholes/img0136.jpg,pothole
images/potholes/img0137.jpg,pothole
images/potholes/img0138.jpg,pothole
images/potholes/img0139.jpg,pothole
images/potholes/img0140.jpg,pothole
images/potholes/img0141.jpg,pothole
images/potholes/img0142.jpg,pothole
images/potholes/img0143.jpg,pothole
images/potholes/img0144.jpg,pothole
images/potholes/img0145.jpg,pothole
images/potholes/img0146.jpg,pothole
images/potholes/img0147.jpg,pothole
images/potholes/img0148.jpg,pothole
images/potholes/img0149.jpg,pothole
images/potholes/img0150.jpg,pothole
images/potholes/img0151.jpg,pothole
images/potholes/img0152.jpg,pothole
images/potholes/img0153.jpg,pothole
images/potholes/img0154.jpg,pothole
images/potholes/img0155.jpg,pothole
images/potholes/img0156.jpg,pothole
images/potholes/img0157.jpg,pothole
images/potholes/img0158.jpg,pothole
images/potholes/img0159.jpg,pothole
images/potholes/img0160.jpg,pothole
images/potholes/img0161.jpg,pothole
images/potholes/img0162.jpg,pothole
images/potholes/img0163.jpg,pothole
images/potholes/img0164.jpg,pothole
images/potholes/img0165.jpg,pothole
images/potholes/img0166.jpg,pothole
images/potholes/img0167.jpg,pothole
images/potholes/img0168.jpg,pothole
images/potholes/img0169.jpg,pothole
images/potholes/img0170.jpg,pothole
images/potholes/img0171.jpg,pothole
images/potholes/img0172.jpg,pothole
images/potholes/img0173.jpg,pothole
images/potholes/img0174.jpg,pothole
images/potholes/img0175.jpg,pothole
images/potholes/img0176.jpg,pothole
images/potholes/img0177.jpg,pothole
images/potholes/img0178.jpg,pothole
images/potholes/img0179.jpg,pothole
images/potholes/img0180.jpg,pothole
images/potholes/img0181.jpg,pothole
images/potholes/img0182.jpg,pothole
images/potholes/img0183.jpg,pothole
images/potholes/img0184.jpg,pothole
images/potholes/img0185.jpg,pothole
images/potholes/img0186.jpg,pothole
images/potholes/img0187.jpg,pothole
images/potholes/img0188.jpg,pothole
images/potholes/img0189.jpg,pothole
images/potholes/img0190.jpg,pothole
images/potholes/img0191.jpg,pothole
images/potholes/img0192.jpg,pothole
images/potholes/img0193.jpg,pothole
images/potholes/img0194.jpg,pothole
images/potholes/img0195.jpg,pothole
images/potholes/img0196.jpg,pothole
images/potholes/img0197.jpg,pothole
images/potholes/img0198.jpg,pothole
images/potholes/img0199.jpg,pothole
images/potholes/img0200.jpg,pothole
images/cracks/img0201.jpg,crack
images/cracks/img0202.jpg,crack
images/cracks/img0203.jpg,crack
images/cracks/img0204.jpg,crack
images/cracks/img0205.jpg,crack
images/cracks/img0206.jpg,crack
images/cracks/img0207.jpg,crack
images/cracks/img0208.jpg,crack
images/cracks/img0209.jpg,crack
images/cracks/img0210.jpg,crack
images/cracks/img0211.jpg,crack
images/cracks/img0212.jpg,crack
images/cracks/img0213.jpg,crack
images/cracks/img0214.jpg,crack
images/cracks/img0215.jpg,crack
images/cracks/img0216.jpg,crack
images/cracks/img0217.jpg,crack
images/cracks/img0218.jpg,crack
images/cracks/img0219.jpg,crack
images/cracks/img0220.jpg,crack
images/cracks/img0221.jpg,crack
images/cracks/img0222.jpg,crack
images/cracks/img0223.jpg,crack
images/cracks/img0224.jpg,crack
images/cracks/img0225.jpg,crack
images/cracks/img0226.jpg,crack
images/cracks/img0227.jpg,crack
images/cracks/img0228.jpg,crack
images/cracks/img0229.jpg,crack
images/cracks/img0230.jpg,crack
images/cracks/img0231.jpg,crack
images/cracks/img0232.jpg,crack
images/cracks/img0233.jpg,crack
images/cracks/img0234.jpg,crack
images/cracks/img0235.jpg,crack
images/cracks/img0236.jpg,crack
images/cracks/img0237.jpg,crack
images/cracks/img0238.jpg,crack
images/cracks/img0239.jpg,crack
images/cracks/img0240.jpg,crack
images/cracks/img0241.jpg,crack
images/cracks/img0242.jpg,crack
images/cracks/img0243.jpg,crack
images/cracks/img0244.jpg,crack
images/cracks/img0245.jpg,crack
images/cracks/img0246.jpg,crack
images/cracks/img0247.jpg,crack
images/cracks/img0248.jpg,crack
images/cracks/img0249.jpg,crack
images/cracks/img0250.jpg,crack
images/cracks/img0251.jpg,crack
images/cracks/img0252.jpg,crack
images/cracks/img0253.jpg,crack
images/cracks/img0254.jpg,crack
images/cracks/img0255.jpg,crack
images/cracks/img0256.jpg,crack
images/cracks/img0257.jpg,crack
images/cracks/img0258.jpg,crack
images/cracks/img0259.jpg,crack
images/cracks/img0260.jpg,crack
images/cracks/img0261.jpg,crack
images/cracks/img0262.jpg,crack
images/cracks/img0263.jpg,crack
images/cracks/img0264.jpg,crack
images/cracks/img0265.jpg,crack
images/cracks/img0266.jpg,crack
images/cracks/img0267.jpg,crack
images/cracks/img0268.jpg,crack
images/cracks/img0269.jpg,crack
images/cracks/img0270.jpg,crack
images/cracks/img0271.jpg,crack
images/cracks/img0272.jpg,crack
images/cracks/img0273.jpg,crack
images/cracks/img0274.jpg,crack
images/cracks/img0275.jpg,crack
images/cracks/img0276.jpg,crack
images/cracks/img0277.jpg,crack
images/cracks/img0278.jpg,crack
images/cracks/img0279.jpg,crack
images/cracks/img0280.jpg,crack
images/cracks/img0281.jpg,crack
images/cracks/img0282.jpg,crack
images/cracks/img0283.jpg,crack
images/cracks/img0284.jpg,crack
images/cracks/img0285.jpg,crack
images/cracks/img0286.jpg,crack
images/cracks/img0287.jpg,crack
images/cracks/img0288.jpg,crack
images/cracks/img0289.jpg,crack
images/cracks/img0290.jpg,crack
images/cracks/img0291.jpg,crack
images/cracks/img0292.jpg,crack
images/cracks/img0293.jpg,crack
images/cracks/img0294.jpg,crack
images/cracks/img0295.jpg,crack
images/cracks/img0296.jpg,crack
images/cracks/img0297.jpg,crack
images/cracks/img0298.jpg,crack
images/cracks/img0299.jpg,crack
images/cracks/img0300.jpg,crack
images/open_manholes/img0301.jpg,open_manhole
images/open_manholes/img0302.jpg,open_manhole
images/open_manholes/img0303.jpg,open_manhole
images/open_manholes/img0304.jpg,open_manhole
images/open_manholes/img0305.jpg,open_manhole
images/open_manholes/img0306.jpg,open_manhole
images/open_manholes/img0307.jpg,open_manhole
images/open_manholes/img0308.jpg,open_manhole
images/open_manholes/img0309.jpg,open_manhole
images/open_manholes/img0310.jpg,open_manhole
images/open_manholes/img0311.jpg,open_manhole
images/open_manholes/img0312.jpg,open_manhole
images/open_manholes/img0313.jpg,open_manhole
images/open_manholes/img0314.jpg,open_manhole
images/open_manholes/img0315.jpg,open_manhole
images/open_manholes/img0316.jpg,open_manhole
images/open_manholes/img0317.jpg,open_manhole
images/open_manholes/img0318.jpg,open_manhole
images/open_manholes/img0319.jpg,open_manhole
images/open_manholes/img0320.jpg,open_manhole
images/open_manholes/img0321.jpg,open_manhole
images/open_manholes/img0322.jpg,open_manhole
images/open_manholes/img0323.jpg,open_manhole
images/open_manholes/img0324.jpg,open_manhole
images/open_manholes/img0325.jpg,open_manhole
images/open_manholes/img0326.jpg,open_manhole
images/open_manholes/img0327.jpg,open_manhole
images/open_manholes/img0328.jpg,open_manhole
images/open_manholes/img0329.jpg,open_manhole
images/open_manholes/img0330.jpg,open_manhole
images/open_manholes/img0331.jpg,open_manhole
images/open_manholes/img0332.jpg,open_manhole
images/open_manholes/img0333.jpg,open_manhole
images/open_manholes/img0334.jpg,open_manhole
images/open_manholes/img0335.jpg,open_manhole
images/open_manholes/img0336.jpg,open_manhole
images/open_manholes/img0337.jpg,open_manhole
images/open_manholes/img0338.jpg,open_manhole
images/open_manholes/img0339.jpg,open_manhole
images/open_manholes/img0340.jpg,open_manhole
images/open_manholes/img0341.jpg,open_manhole
images/open_manholes/img0342.jpg,open_manhole
images/open_manholes/img0343.jpg,open_manhole
images/open_manholes/img0344.jpg,open_manhole
images/open_manholes/img0345.jpg,open_manhole
images/open_manholes/img0346.jpg,open_manhole
images/open_manholes/img0347.jpg,open_manhole
images/open_manholes/img0348.jpg,open_manhole
images/open_manholes/img0349.jpg,open_manhole
images/open_manholes/img0350.jpg,open_manhole
images/open_manholes/img0351.jpg,open_manhole
images/open_manholes/img0352.jpg,open_manhole
images/open_manholes/img0353.jpg,open_manhole
images/open_manholes/img0354.jpg,open_manhole
images/open_manholes/img0355.jpg,open_manhole
images/open_manholes/img0356.jpg,open_manhole
images/open_manholes/img0357.jpg,open_manhole
images/open_manholes/img0358.jpg,open_manhole
images/open_manholes/img0359.jpg,open_manhole
images/open_manholes/img0360.jpg,open_manhole
images/open_manholes/img0361.jpg,open_manhole
images/open_manholes/img0362.jpg,open_manhole
images/open_manholes/img0363.jpg,open_manhole
images/open_manholes/img0364.jpg,open_manhole
images/open_manholes/img0365.jpg,open_manhole
images/open_manholes/img0366.jpg,open_manhole
images/open_manholes/img0367.jpg,open_manhole
images/open_manholes/img0368.jpg,open_manhole
images/open_manholes/img0369.jpg,open_manhole
images/open_manholes/img0370.jpg,open_manhole
images/open_manholes/img0371.jpg,open_manhole
images/open_manholes/img0372.jpg,open_manhole
images/open_manholes/img0373.jpg,open_manhole
images/open_manholes/img0374.jpg,open_manhole
images/open_manholes/img0375.jpg,open_manhole
images/open_manholes/img0376.jpg,open_manhole
images/open_manholes/img0377.jpg,open_manhole
images/open_manholes/img0378.jpg,open_manhole
images/open_manholes/img0379.jpg,open_manhole
images/open_manholes/img0380.jpg,open_manhole
images/open_manholes/img0381.jpg,open_manhole
images/open_manholes/img0382.jpg,open_manhole
images/open_manholes/img0383.jpg,open_manhole
images/open_manholes/img0384.jpg,open_manhole
images/open_manholes/img0385.jpg,open_manhole
images/open_manholes/img0386.jpg,open_manhole
images/open_manholes/img0387.jpg,open_manhole
images/open_manholes/img0388.jpg,open_manhole
images/open_manholes/img0389.jpg,open_manhole
images/open_manholes/img0390.jpg,open_manhole
images/open_manholes/img0391.jpg,open_manhole
images/open_manholes/img0392.jpg,open_manhole
images/open_manholes/img0393.jpg,open_manhole
images/open_manholes/img0394.jpg,open_manhole
images/open_manholes/img0395.jpg,open_manhole
images/open_manholes/img0396.jpg,open_manhole
images/open_manholes/img0397.jpg,open_manhole
images/open_manholes/img0398.jpg,open_manhole
images/open_manholes/img0399.jpg,open_manhole
images/open_manholes/img0400.jpg,open_manhole
images/open_manholes/img0401.jpg,open_manhole
images/open_manholes/img0402.jpg,open_manhole
images/open_manholes/img0403.jpg,open_manhole
images/open_manholes/img0404.jpg,open_manhole
images/open_manholes/img0405.jpg,open_manhole
images/open_manholes/img0406.jpg,open_manhole
images/open_manholes/img0407.jpg,open_manhole
images/open_manholes/img0408.jpg,open_manhole
images/open_manholes/img0409.jpg,open_manhole
images/open_manholes/img0410.jpg,open_manhole
images/open_manholes/img0411.jpg,open_manhole
images/open_manholes/img0412.jpg,open_manhole
images/open_manholes/img0413.jpg,open_manhole
images/open_manholes/img0414.jpg,open_manhole
images/open_manholes/img0415.jpg,open_manhole
images/open_manholes/img0416.jpg,open_manhole
images/open_manholes/img0417.jpg,open_manhole
images/open_manholes/img0418.jpg,open_manhole
images/open_manholes/img0419.jpg,open_manhole
images/open_manholes/img0420.jpg,open_manhole
images/open_manholes/img0421.jpg,open_manhole
images/open_manholes/img0422.jpg,open_manhole
images/open_manholes/img0423.jpg,open_manhole
images/open_manholes/img0424.jpg,open_manhole
images/open_manholes/img0425.jpg,open_manhole
images/open_manholes/img0426.jpg,open_manhole
images/open_manholes/img0427.jpg,open_manhole
images/open_manholes/img0428.jpg,open_manhole
images/open_manholes/img0429.jpg,open_manhole
images/open_manholes/img0430.jpg,open_manhole
images/open_manholes/img0431.jpg,open_manhole
images/open_manholes/img0432.jpg,open_manhole
images/open_manholes/img0433.jpg,open_manhole
images/open_manholes/img0434.jpg,open_manhole
images/open_manholes/img0435.jpg,open_manhole
images/open_manholes/img0436.jpg,open_manhole
images/open_manholes/img0437.jpg,open_manhole
images/open_manholes/img0438.jpg,open_manhole
images/open_manholes/img0439.jpg,open_manhole
images/open_manholes/img0440.jpg,open_manhole
images/open_manholes/img0441.jpg,open_manhole
images/open_manholes/img0442.jpg,open_manhole
images/open_manholes/img0443.jpg,open_manhole
images/open_manholes/img0444.jpg,open_manhole
images/open_manholes/img0445.jpg,open_manhole
images/open_manholes/img0446.jpg,open_manhole
images/open_manholes/img0447.jpg,open_manhole
images/open_manholes/img0448.jpg,open_manhole
images/open_manholes/img0449.jpg,open_manhole
images/open_manholes/img0450.jpg,open_manhole
images/open_manholes/img0451.jpg,open_manhole
images/open_manholes/img0452.jpg,open_manhole
images/open_manholes/img0453.jpg,open_manhole
images/open_manholes/img0454.jpg,open_manhole
images/open_manholes/img0455.jpg,open_manhole
images/open_manholes/img0456.jpg,open_manhole
images/open_manholes/img0457.jpg,open_manhole
images/open_manholes/img0458.jpg,open_manhole
images/open_manholes/img0459.jpg,open_manhole
images/open_manholes/img0460.jpg,open_manhole
images/open_manholes/img0461.jpg,open_manhole
images/open_manholes/img0462.jpg,open_manhole
images/open_manholes/img0463.jpg,open_manhole
images/open_manholes/img0464.jpg,open_manhole
images/open_manholes/img0465.jpg,open_manhole
images/open_manholes/img0466.jpg,open_manhole
images/open_manholes/img0467.jpg,open_manhole
images/open_manholes/img0468.jpg,open_manhole
images/open_manholes/img0469.jpg,open_manhole
images/open_manholes/img0470.jpg,open_manhole
images/open_manholes/img0471.jpg,open_manhole
images/open_manholes/img0472.jpg,open_manhole
images/open_manholes/img0473.jpg,open_manhole
images/open_manholes/img0474.jpg,open_manhole
images/open_manholes/img0475.jpg,open_manhole
images/open_manholes/img0476.jpg,open_manhole
images/open_manholes/img0477.jpg,open_manhole
images/open_manholes/img0478.jpg,open_manhole
images/open_manholes/img0479.jpg,open_manhole
images/open_manholes/img0480.jpg,open_manhole
images/open_manholes/img0481.jpg,open_manhole
images/open_manholes/img0482.jpg,open_manhole
images/open_manholes/img0483.jpg,open_manhole
images/open_manholes/img0484.jpg,open_manhole
images/open_manholes/img0485.jpg,open_manhole
images/open_manholes/img0486.jpg,open_manhole
images/open_manholes/img0487.jpg,open_manhole
images/open_manholes/img0488.jpg,open_manhole
images/open_manholes/img0489.jpg,open_manhole
images/open_manholes/img0490.jpg,open_manhole
images/open_manholes/img0491.jpg,open_manhole
images/open_manholes/img0492.jpg,open_manhole
images/open_manholes/img0493.jpg,open_manhole
images/open_manholes/img0494.jpg,open_manhole
images/open_manholes/img0495.jpg,open_manhole
images/open_manholes/img0496.jpg,open_manhole
images/open_manholes/img0497.jpg,open_manhole
images/open_manholes/img0498.jpg,open_manhole
images/open_manholes/img0499.jpg,open_manhole
images/open_manholes/img0500.jpg,open_manhole
images/cracks/img0501.jpg,crack
images/cracks/img0502.jpg,crack
images/cracks/img0503.jpg,crack
images/cracks/img0504.jpg,crack
images/cracks/img0505.jpg,crack
images/cracks/img0506.jpg,crack
images/cracks/img0507.jpg,crack
images/cracks/img0508.jpg,crack
images/cracks/img0509.jpg,crack
images/cracks/img0510.jpg,crack
images/cracks/img0511.jpg,crack
images/cracks/img0512.jpg,crack
images/cracks/img0513.jpg,crack
images/cracks/img0514.jpg,crack
images/cracks/img0515.jpg,crack
images/cracks/img0516.jpg,crack
images/cracks/img0517.jpg,crack
images/cracks/img0518.jpg,crack
images/cracks/img0519.jpg,crack
images/cracks/img0520.jpg,crack
images/cracks/img0521.jpg,crack
images/cracks/img0522.jpg,crack
images/cracks/img0523.jpg,crack
images/cracks/img0524.jpg,crack
images/cracks/img0525.jpg,crack
images/cracks/img0526.jpg,crack
images/cracks/img0527.jpg,crack
images/cracks/img0528.jpg,crack
images/cracks/img0529.jpg,crack
images/cracks/img0530.jpg,crack
images/cracks/img0531.jpg,crack
images/cracks/img0532.jpg,crack
images/cracks/img0533.jpg,crack
images/cracks/img0534.jpg,crack
images/cracks/img0535.jpg,crack
images/cracks/img0536.jpg,crack
images/cracks/img0537.jpg,crack
images/cracks/img0538.jpg,crack
images/cracks/img0539.jpg,crack
images/cracks/img0540.jpg,crack
images/cracks/img0541.jpg,crack
images/cracks/img0542.jpg,crack
images/cracks/img0543.jpg,crack
images/cracks/img0544.jpg,crack
images/cracks/img0545.jpg,crack
images/cracks/img0546.jpg,crack
images/cracks/img0547.jpg,crack
images/cracks/img0548.jpg,crack
images/cracks/img0549.jpg,crack
images/cracks/img0550.jpg,crack
images/cracks/img0551.jpg,crack
images/cracks/img0552.jpg,crack
images/cracks/img0553.jpg,crack
images/cracks/img0554.jpg,crack
images/cracks/img0555.jpg,crack
images/cracks/img0556.jpg,crack
images/cracks/img0557.jpg,crack
images/cracks/img0558.jpg,crack
images/cracks/img0559.jpg,crack
images/cracks/img0560.jpg,crack
images/cracks/img0561.jpg,crack
images/cracks/img0562.jpg,crack
images/cracks/img0563.jpg,crack
images/cracks/img0564.jpg,crack
images/cracks/img0565.jpg,crack
images/cracks/img0566.jpg,crack
images/cracks/img0567.jpg,crack
images/cracks/img0568.jpg,crack
images/cracks/img0569.jpg,crack
images/cracks/img0570.jpg,crack
images/cracks/img0571.jpg,crack
images/cracks/img0572.jpg,crack
images/cracks/img0573.jpg,crack
images/cracks/img0574.jpg,crack
images/cracks/img0575.jpg,crack
images/cracks/img0576.jpg,crack
images/cracks/img0577.jpg,crack
images/cracks/img0578.jpg,crack
images/cracks/img0579.jpg,crack
images/cracks/img0580.jpg,crack
images/cracks/img0581.jpg,crack
images/cracks/img0582.jpg,crack
images/cracks/img0583.jpg,crack
images/cracks/img0584.jpg,crack
images/cracks/img0585.jpg,crack
images/cracks/img0586.jpg,crack
images/cracks/img0587.jpg,crack
images/cracks/img0588.jpg,crack
images/cracks/img0589.jpg,crack
images/cracks/img0590.jpg,crack
images/cracks/img0591.jpg,crack
images/cracks/img0592.jpg,crack
images/cracks/img0593.jpg,crack
images/cracks/img0594.jpg,crack
images/cracks/img0595.jpg,crack
images/cracks/img0596.jpg,crack
images/cracks/img0597.jpg,crack
images/cracks/img0598.jpg,crack
images/cracks/img0599.jpg,crack
images/cracks/img0600.jpg,crack
images/waterlogged_road/img0601.jpg,waterlogged_road
images/waterlogged_road/img0602.jpg,waterlogged_road
images/waterlogged_road/img0603.jpg,waterlogged_road
images/waterlogged_road/img0604.jpg,waterlogged_road
images/waterlogged_road/img0605.jpg,waterlogged_road
images/waterlogged_road/img0606.jpg,waterlogged_road
images/waterlogged_road/img0607.jpg,waterlogged_road
images/waterlogged_road/img0608.jpg,waterlogged_road
images/waterlogged_road/img0609.jpg,waterlogged_road
images/waterlogged_road/img0610.jpg,waterlogged_road
images/waterlogged_road/img0611.jpg,waterlogged_road
images/waterlogged_road/img0612.jpg,waterlogged_road
images/waterlogged_road/img0613.jpg,waterlogged_road
images/waterlogged_road/img0614.jpg,waterlogged_road
images/waterlogged_road/img0615.jpg,waterlogged_road
images/waterlogged_road/img0616.jpg,waterlogged_road
images/waterlogged_road/img0617.jpg,waterlogged_road
images/waterlogged_road/img0618.jpg,waterlogged_road
images/waterlogged_road/img0619.jpg,waterlogged_road
images/waterlogged_road/img0620.jpg,waterlogged_road
images/waterlogged_road/img0621.jpg,waterlogged_road
images/waterlogged_road/img0622.jpg,waterlogged_road
images/waterlogged_road/img0623.jpg,waterlogged_road
images/waterlogged_road/img0624.jpg,waterlogged_road
images/waterlogged_road/img0625.jpg,waterlogged_road
images/waterlogged_road/img0626.jpg,waterlogged_road
images/waterlogged_road/img0627.jpg,waterlogged_road
images/waterlogged_road/img0628.jpg,waterlogged_road
images/waterlogged_road/img0629.jpg,waterlogged_road
images/waterlogged_road/img0630.jpg,waterlogged_road
images/waterlogged_road/img0631.jpg,waterlogged_road
images/waterlogged_road/img0632.jpg,waterlogged_road
images/waterlogged_road/img0633.jpg,waterlogged_road
images/waterlogged_road/img0634.jpg,waterlogged_road
images/waterlogged_road/img0635.jpg,waterlogged_road
images/waterlogged_road/img0636.jpg,waterlogged_road
images/waterlogged_road/img0637.jpg,waterlogged_road
images/waterlogged_road/img0638.jpg,waterlogged_road
images/waterlogged_road/img0639.jpg,waterlogged_road
images/waterlogged_road/img0640.jpg,waterlogged_road
images/waterlogged_road/img0641.jpg,waterlogged_road
images/waterlogged_road/img0642.jpg,waterlogged_road
images/waterlogged_road/img0643.jpg,waterlogged_road
images/waterlogged_road/img0644.jpg,waterlogged_road
images/waterlogged_road/img0645.jpg,waterlogged_road
images/waterlogged_road/img0646.jpg,waterlogged_road
images/waterlogged_road/img0647.jpg,waterlogged_road
images/waterlogged_road/img0648.jpg,waterlogged_road
images/waterlogged_road/img0649.jpg,waterlogged_road
images/waterlogged_road/img0650.jpg,waterlogged_road
images/waterlogged_road/img0651.jpg,waterlogged_road
images/waterlogged_road/img0652.jpg,waterlogged_road
images/waterlogged_road/img0653.jpg,waterlogged_road
images/waterlogged_road/img0654.jpg,waterlogged_road
images/waterlogged_road/img0655.jpg,waterlogged_road
images/waterlogged_road/img0656.jpg,waterlogged_road
images/waterlogged_road/img0657.jpg,waterlogged_road
images/waterlogged_road/img0658.jpg,waterlogged_road
images/waterlogged_road/img0659.jpg,waterlogged_road
images/waterlogged_road/img0660.jpg,waterlogged_road
images/waterlogged_road/img0661.jpg,waterlogged_road
images/waterlogged_road/img0662.jpg,waterlogged_road
images/waterlogged_road/img0663.jpg,waterlogged_road
images/waterlogged_road/img0664.jpg,waterlogged_road
images/waterlogged_road/img0665.jpg,waterlogged_road
images/waterlogged_road/img0666.jpg,waterlogged_road
images/waterlogged_road/img0667.jpg,waterlogged_road
images/waterlogged_road/img0668.jpg,waterlogged_road
images/waterlogged_road/img0669.jpg,waterlogged_road
images/waterlogged_road/img0670.jpg,waterlogged_road
images/waterlogged_road/img0671.jpg,waterlogged_road
images/waterlogged_road/img0672.jpg,waterlogged_road
images/waterlogged_road/img0673.jpg,waterlogged_road
images/waterlogged_road/img0674.jpg,waterlogged_road
images/waterlogged_road/img0675.jpg,waterlogged_road
images/waterlogged_road/img0676.jpg,waterlogged_road
images/waterlogged_road/img0677.jpg,waterlogged_road
images/waterlogged_road/img0678.jpg,waterlogged_road
images/waterlogged_road/img0679.jpg,waterlogged_road
images/waterlogged_road/img0680.jpg,waterlogged_road
images/waterlogged_road/img0681.jpg,waterlogged_road
images/waterlogged_road/img0682.jpg,waterlogged_road
images/waterlogged_road/img0683.jpg,waterlogged_road
images/waterlogged_road/img0684.jpg,waterlogged_road
images/waterlogged_road/img0685.jpg,waterlogged_road
images/waterlogged_road/img0686.jpg,waterlogged_road
images/waterlogged_road/img0687.jpg,waterlogged_road
images/waterlogged_road/img0688.jpg,waterlogged_road
images/waterlogged_road/img0689.jpg,waterlogged_road
images/waterlogged_road/img0690.jpg,waterlogged_road
images/waterlogged_road/img0691.jpg,waterlogged_road
images/waterlogged_road/img0692.jpg,waterlogged_road
images/waterlogged_road/img0693.jpg,waterlogged_road
images/waterlogged_road/img0694.jpg,waterlogged_road
images/waterlogged_road/img0695.jpg,waterlogged_road
images/waterlogged_road/img0696.jpg,waterlogged_road
images/waterlogged_road/img0697.jpg,waterlogged_road
images/waterlogged_road/img0698.jpg,waterlogged_road
images/waterlogged_road/img0699.jpg,waterlogged_road
images/waterlogged_road/img0700.jpg,waterlogged_road
images/waterlogged_road/img0701.jpg,waterlogged_road
images/waterlogged_road/img0702.jpg,waterlogged_road
images/waterlogged_road/img0703.jpg,waterlogged_road
images/waterlogged_road/img0704.jpg,waterlogged_road
images/waterlogged_road/img0705.jpg,waterlogged_road
images/waterlogged_road/img0706.jpg,waterlogged_road
images/waterlogged_road/img0707.jpg,waterlogged_road
images/waterlogged_road/img0708.jpg,waterlogged_road
images/waterlogged_road/img0709.jpg,waterlogged_road
images/waterlogged_road/img0710.jpg,waterlogged_road
images/waterlogged_road/img0711.jpg,waterlogged_road
images/waterlogged_road/img0712.jpg,waterlogged_road
images/waterlogged_road/img0713.jpg,waterlogged_road
images/waterlogged_road/img0714.jpg,waterlogged_road
images/waterlogged_road/img0715.jpg,waterlogged_road
images/waterlogged_road/img0716.jpg,waterlogged_road
images/waterlogged_road/img0717.jpg,waterlogged_road
images/waterlogged_road/img0718.jpg,waterlogged_road
images/waterlogged_road/img0719.jpg,waterlogged_road
images/waterlogged_road/img0720.jpg,waterlogged_road
images/waterlogged_road/img0721.jpg,waterlogged_road
images/waterlogged_road/img0722.jpg,waterlogged_road
images/waterlogged_road/img0723.jpg,waterlogged_road
images/waterlogged_road/img0724.jpg,waterlogged_road
images/waterlogged_road/img0725.jpg,waterlogged_road
images/waterlogged_road/img0726.jpg,waterlogged_road
images/waterlogged_road/img0727.jpg,waterlogged_road
images/waterlogged_road/img0728.jpg,waterlogged_road
images/waterlogged_road/img0729.jpg,waterlogged_road
images/waterlogged_road/img0730.jpg,waterlogged_road
images/waterlogged_road/img0731.jpg,waterlogged_road
images/waterlogged_road/img0732.jpg,waterlogged_road
images/waterlogged_road/img0733.jpg,waterlogged_road
images/waterlogged_road/img0734.jpg,waterlogged_road
images/waterlogged_road/img0735.jpg,waterlogged_road
images/waterlogged_road/img0736.jpg,waterlogged_road
images/waterlogged_road/img0737.jpg,waterlogged_road
images/waterlogged_road/img0738.jpg,waterlogged_road
images/waterlogged_road/img0739.jpg,waterlogged_road
images/waterlogged_road/img0740.jpg,waterlogged_road
images/waterlogged_road/img0741.jpg,waterlogged_road
images/waterlogged_road/img0742.jpg,waterlogged_road
images/waterlogged_road/img0743.jpg,waterlogged_road
images/waterlogged_road/img0744.jpg,waterlogged_road
images/waterlogged_road/img0745.jpg,waterlogged_road
images/waterlogged_road/img0746.jpg,waterlogged_road
images/waterlogged_road/img0747.jpg,waterlogged_road
images/waterlogged_road/img0748.jpg,waterlogged_road
images/waterlogged_road/img0749.jpg,waterlogged_road
images/waterlogged_road/img0750.jpg,waterlogged_road
images/waterlogged_road/img0751.jpg,waterlogged_road
images/waterlogged_road/img0752.jpg,waterlogged_road
images/waterlogged_road/img0753.jpg,waterlogged_road
images/waterlogged_road/img0754.jpg,waterlogged_road
images/waterlogged_road/img0755.jpg,waterlogged_road
images/waterlogged_road/img0756.jpg,waterlogged_road
images/waterlogged_road/img0757.jpg,waterlogged_road
images/waterlogged_road/img0758.jpg,waterlogged_road
images/waterlogged_road/img0759.jpg,waterlogged_road
images/waterlogged_road/img0760.jpg,waterlogged_road
images/waterlogged_road/img0761.jpg,waterlogged_road
images/waterlogged_road/img0762.jpg,waterlogged_road
images/waterlogged_road/img0763.jpg,waterlogged_road
images/waterlogged_road/img0764.jpg,waterlogged_road
images/waterlogged_road/img0765.jpg,waterlogged_road
images/waterlogged_road/img0766.jpg,waterlogged_road
images/waterlogged_road/img0767.jpg,waterlogged_road
images/waterlogged_road/img0768.jpg,waterlogged_road
images/waterlogged_road/img0769.jpg,waterlogged_road
images/waterlogged_road/img0770.jpg,waterlogged_road
images/waterlogged_road/img0771.jpg,waterlogged_road
images/waterlogged_road/img0772.jpg,waterlogged_road
images/waterlogged_road/img0773.jpg,waterlogged_road
images/waterlogged_road/img0774.jpg,waterlogged_road
images/waterlogged_road/img0775.jpg,waterlogged_road
images/waterlogged_road/img0776.jpg,waterlogged_road
images/waterlogged_road/img0777.jpg,waterlogged_road
images/waterlogged_road/img0778.jpg,waterlogged_road
images/waterlogged_road/img0779.jpg,waterlogged_road
images/waterlogged_road/img0780.jpg,waterlogged_road
images/waterlogged_road/img0781.jpg,waterlogged_road
images/waterlogged_road/img0782.jpg,waterlogged_road
images/waterlogged_road/img0783.jpg,waterlogged_road
images/waterlogged_road/img0784.jpg,waterlogged_road
images/waterlogged_road/img0785.jpg,waterlogged_road
images/waterlogged_road/img0786.jpg,waterlogged_road
images/waterlogged_road/img0787.jpg,waterlogged_road
images/waterlogged_road/img0788.jpg,waterlogged_road
images/waterlogged_road/img0789.jpg,waterlogged_road
images/waterlogged_road/img0790.jpg,waterlogged_road
images/waterlogged_road/img0791.jpg,waterlogged_road
images/waterlogged_road/img0792.jpg,waterlogged_road
images/waterlogged_road/img0793.jpg,waterlogged_road
images/waterlogged_road/img0794.jpg,waterlogged_road
images/waterlogged_road/img0795.jpg,waterlogged_road
images/waterlogged_road/img0796.jpg,waterlogged_road
images/waterlogged_road/img0797.jpg,waterlogged_road
images/waterlogged_road/img0798.jpg,waterlogged_road
images/waterlogged_road/img0799.jpg,waterlogged_road
images/waterlogged_road/img0800.jpg,waterlogged_road
images/broken_edges/img0801.jpg,broken_edges
images/broken_edges/img0802.jpg,broken_edges
images/broken_edges/img0803.jpg,broken_edges
images/broken_edges/img0804.jpg,broken_edges
images/broken_edges/img0805.jpg,broken_edges
images/broken_edges/img0806.jpg,broken_edges
images/broken_edges/img0807.jpg,broken_edges
images/broken_edges/img0808.jpg,broken_edges
images/broken_edges/img0809.jpg,broken_edges
images/broken_edges/img0810.jpg,broken_edges
images/broken_edges/img0811.jpg,broken_edges
images/broken_edges/img0812.jpg,broken_edges
images/broken_edges/img0813.jpg,broken_edges
images/broken_edges/img0814.jpg,broken_edges
images/broken_edges/img0815.jpg,broken_edges
images/broken_edges/img0816.jpg,broken_edges
images/broken_edges/img0817.jpg,broken_edges
images/broken_edges/img0818.jpg,broken_edges
images/broken_edges/img0819.jpg,broken_edges
images/broken_edges/img0820.jpg,broken_edges
images/broken_edges/img0821.jpg,broken_edges
images/broken_edges/img0822.jpg,broken_edges
images/broken_edges/img0823.jpg,broken_edges
images/broken_edges/img0824.jpg,broken_edges
images/broken_edges/img0825.jpg,broken_edges
images/broken_edges/img0826.jpg,broken_edges
images/broken_edges/img0827.jpg,broken_edges
images/broken_edges/img0828.jpg,broken_edges
images/broken_edges/img0829.jpg,broken_edges
images/broken_edges/img0830.jpg,broken_edges
images/broken_edges/img0831.jpg,broken_edges
images/broken_edges/img0832.jpg,broken_edges
images/broken_edges/img0833.jpg,broken_edges
images/broken_edges/img0834.jpg,broken_edges
images/broken_edges/img0835.jpg,broken_edges
images/broken_edges/img0836.jpg,broken_edges
images/broken_edges/img0837.jpg,broken_edges
images/broken_edges/img0838.jpg,broken_edges
images/broken_edges/img0839.jpg,broken_edges
images/broken_edges/img0840.jpg,broken_edges
images/broken_edges/img0841.jpg,broken_edges
images/broken_edges/img0842.jpg,broken_edges
images/broken_edges/img0843.jpg,broken_edges
images/broken_edges/img0844.jpg,broken_edges
images/broken_edges/img0845.jpg,broken_edges
images/broken_edges/img0846.jpg,broken_edges
images/broken_edges/img0847.jpg,broken_edges
images/broken_edges/img0848.jpg,broken_edges
images/broken_edges/img0849.jpg,broken_edges
images/broken_edges/img0850.jpg,broken_edges
images/broken_edges/img0851.jpg,broken_edges
images/broken_edges/img0852.jpg,broken_edges
images/broken_edges/img0853.jpg,broken_edges
images/broken_edges/img0854.jpg,broken_edges
images/broken_edges/img0855.jpg,broken_edges
images/broken_edges/img0856.jpg,broken_edges
images/broken_edges/img0857.jpg,broken_edges
images/broken_edges/img0858.jpg,broken_edges
images/broken_edges/img0859.jpg,broken_edges
images/broken_edges/img0860.jpg,broken_edges
images/broken_edges/img0861.jpg,broken_edges
images/broken_edges/img0862.jpg,broken_edges
images/broken_edges/img0863.jpg,broken_edges
images/broken_edges/img0864.jpg,broken_edges
images/broken_edges/img0865.jpg,broken_edges
images/broken_edges/img0866.jpg,broken_edges
images/broken_edges/img0867.jpg,broken_edges
images/broken_edges/img0868.jpg,broken_edges
images/broken_edges/img0869.jpg,broken_edges
images/broken_edges/img0870.jpg,broken_edges
images/broken_edges/img0871.jpg,broken_edges
images/broken_edges/img0872.jpg,broken_edges
images/broken_edges/img0873.jpg,broken_edges
images/broken_edges/img0874.jpg,broken_edges
images/broken_edges/img0875.jpg,broken_edges
images/broken_edges/img0876.jpg,broken_edges
images/broken_edges/img0877.jpg,broken_edges
images/broken_edges/img0878.jpg,broken_edges
images/broken_edges/img0879.jpg,broken_edges
images/broken_edges/img0880.jpg,broken_edges
images/broken_edges/img0881.jpg,broken_edges
images/broken_edges/img0882.jpg,broken_edges
images/broken_edges/img0883.jpg,broken_edges
images/broken_edges/img0884.jpg,broken_edges
images/broken_edges/img0885.jpg,broken_edges
images/broken_edges/img0886.jpg,broken_edges
images/broken_edges/img0887.jpg,broken_edges
images/broken_edges/img0888.jpg,broken_edges
images/broken_edges/img0889.jpg,broken_edges
images/broken_edges/img0890.jpg,broken_edges
images/broken_edges/img0891.jpg,broken_edges
images/broken_edges/img0892.jpg,broken_edges
images/broken_edges/img0893.jpg,broken_edges
images/broken_edges/img0894.jpg,broken_edges
images/broken_edges/img0895.jpg,broken_edges
images/broken_edges/img0896.jpg,broken_edges
images/broken_edges/img0897.jpg,broken_edges
images/broken_edges/img0898.jpg,broken_edges
images/broken_edges/img0899.jpg,broken_edges
images/broken_edges/img0900.jpg,broken_edges
images/broken_edges/img0901.jpg,broken_edges
images/broken_edges/img0902.jpg,broken_edges
images/broken_edges/img0903.jpg,broken_edges
images/broken_edges/img0904.jpg,broken_edges
images/broken_edges/img0905.jpg,broken_edges
images/broken_edges/img0906.jpg,broken_edges
images/broken_edges/img0907.jpg,broken_edges
images/broken_edges/img0908.jpg,broken_edges
images/broken_edges/img0909.jpg,broken_edges
images/broken_edges/img0910.jpg,broken_edges
images/broken_edges/img0911.jpg,broken_edges
images/broken_edges/img0912.jpg,broken_edges
images/broken_edges/img0913.jpg,broken_edges
images/broken_edges/img0914.jpg,broken_edges
images/broken_edges/img0915.jpg,broken_edges
images/broken_edges/img0916.jpg,broken_edges
images/broken_edges/img0917.jpg,broken_edges
images/broken_edges/img0918.jpg,broken_edges
images/broken_edges/img0919.jpg,broken_edges
images/broken_edges/img0920.jpg,broken_edges
images/broken_edges/img0921.jpg,broken_edges
images/broken_edges/img0922.jpg,broken_edges
images/broken_edges/img0923.jpg,broken_edges
images/broken_edges/img0924.jpg,broken_edges
images/broken_edges/img0925.jpg,broken_edges
images/broken_edges/img0926.jpg,broken_edges
images/broken_edges/img0927.jpg,broken_edges
images/broken_edges/img0928.jpg,broken_edges
images/broken_edges/img0929.jpg,broken_edges
images/broken_edges/img0930.jpg,broken_edges
images/broken_edges/img0931.jpg,broken_edges
images/broken_edges/img0932.jpg,broken_edges
images/broken_edges/img0933.jpg,broken_edges
images/broken_edges/img0934.jpg,broken_edges
images/broken_edges/img0935.jpg,broken_edges
images/broken_edges/img0936.jpg,broken_edges
images/broken_edges/img0937.jpg,broken_edges
images/broken_edges/img0938.jpg,broken_edges
images/broken_edges/img0939.jpg,broken_edges
images/broken_edges/img0940.jpg,broken_edges
images/broken_edges/img0941.jpg,broken_edges
images/broken_edges/img0942.jpg,broken_edges
images/broken_edges/img0943.jpg,broken_edges
images/broken_edges/img0944.jpg,broken_edges
images/broken_edges/img0945.jpg,broken_edges
images/broken_edges/img0946.jpg,broken_edges
images/broken_edges/img0947.jpg,broken_edges
images/broken_edges/img0948.jpg,broken_edges
images/broken_edges/img0949.jpg,broken_edges
images/broken_edges/img0950.jpg,broken_edges
images/broken_edges/img0951.jpg,broken_edges
images/broken_edges/img0952.jpg,broken_edges
images/broken_edges/img0953.jpg,broken_edges
images/broken_edges/img0954.jpg,broken_edges
images/broken_edges/img0955.jpg,broken_edges
images/broken_edges/img0956.jpg,broken_edges
images/broken_edges/img0957.jpg,broken_edges
images/broken_edges/img0958.jpg,broken_edges
images/broken_edges/img0959.jpg,broken_edges
images/broken_edges/img0960.jpg,broken_edges
images/broken_edges/img0961.jpg,broken_edges
images/broken_edges/img0962.jpg,broken_edges
images/broken_edges/img0963.jpg,broken_edges
images/broken_edges/img0964.jpg,broken_edges
images/broken_edges/img0965.jpg,broken_edges
images/broken_edges/img0966.jpg,broken_edges
images/broken_edges/img0967.jpg,broken_edges
images/broken_edges/img0968.jpg,broken_edges
images/broken_edges/img0969.jpg,broken_edges
images/broken_edges/img0970.jpg,broken_edges
images/broken_edges/img0971.jpg,broken_edges
images/broken_edges/img0972.jpg,broken_edges
images/broken_edges/img0973.jpg,broken_edges
images/broken_edges/img0974.jpg,broken_edges
images/broken_edges/img0975.jpg,broken_edges
images/broken_edges/img0976.jpg,broken_edges
images/broken_edges/img0977.jpg,broken_edges
images/broken_edges/img0978.jpg,broken_edges
images/broken_edges/img0979.jpg,broken_edges
images/broken_edges/img0980.jpg,broken_edges
images/broken_edges/img0981.jpg,broken_edges
images/broken_edges/img0982.jpg,broken_edges
images/broken_edges/img0983.jpg,broken_edges
images/broken_edges/img0984.jpg,broken_edges
images/broken_edges/img0985.jpg,broken_edges
images/broken_edges/img0986.jpg,broken_edges
images/broken_edges/img0987.jpg,broken_edges
images/broken_edges/img0988.jpg,broken_edges
images/broken_edges/img0989.jpg,broken_edges
images/broken_edges/img0990.jpg,broken_edges
images/broken_edges/img0991.jpg,broken_edges
images/broken_edges/img0992.jpg,broken_edges
images/broken_edges/img0993.jpg,broken_edges
images/broken_edges/img0994.jpg,broken_edges
images/broken_edges/img0995.jpg,broken_edges
images/broken_edges/img0996.jpg,broken_edges
images/broken_edges/img0997.jpg,broken_edges
images/broken_edges/img0998.jpg,broken_edges
images/broken_edges/img0999.jpg,broken_edges
images/broken_edges/img1000.jpg,broken_edges
images/construction_zones/img1001.jpg,construction_zone
images/construction_zones/img1002.jpg,construction_zone
images/construction_zones/img1003.jpg,construction_zone
images/construction_zones/img1004.jpg,construction_zone
images/construction_zones/img1005.jpg,construction_zone
images/construction_zones/img1006.jpg,construction_zone
images/construction_zones/img1007.jpg,construction_zone
images/construction_zones/img1008.jpg,construction_zone
images/construction_zones/img1009.jpg,construction_zone
images/construction_zones/img1010.jpg,construction_zone
images/construction_zones/img1011.jpg,construction_zone
images/construction_zones/img1012.jpg,construction_zone
images/construction_zones/img1013.jpg,construction_zone
images/construction_zones/img1014.jpg,construction_zone
images/construction_zones/img1015.jpg,construction_zone
images/construction_zones/img1016.jpg,construction_zone
images/construction_zones/img1017.jpg,construction_zone
images/construction_zones/img1018.jpg,construction_zone
images/construction_zones/img1019.jpg,construction_zone
images/construction_zones/img1020.jpg,construction_zone
images/construction_zones/img1021.jpg,construction_zone
images/construction_zones/img1022.jpg,construction_zone
images/construction_zones/img1023.jpg,construction_zone
images/construction_zones/img1024.jpg,construction_zone
images/construction_zones/img1025.jpg,construction_zone
images/construction_zones/img1026.jpg,construction_zone
images/construction_zones/img1027.jpg,construction_zone
images/construction_zones/img1028.jpg,construction_zone
images/construction_zones/img1029.jpg,construction_zone
images/construction_zones/img1030.jpg,construction_zone
images/construction_zones/img1031.jpg,construction_zone
images/construction_zones/img1032.jpg,construction_zone
images/construction_zones/img1033.jpg,construction_zone
images/construction_zones/img1034.jpg,construction_zone
images/construction_zones/img1035.jpg,construction_zone
images/construction_zones/img1036.jpg,construction_zone
images/construction_zones/img1037.jpg,construction_zone
images/construction_zones/img1038.jpg,construction_zone
images/construction_zones/img1039.jpg,construction_zone
images/construction_zones/img1040.jpg,construction_zone
images/construction_zones/img1041.jpg,construction_zone
images/construction_zones/img1042.jpg,construction_zone
images/construction_zones/img1043.jpg,construction_zone
images/construction_zones/img1044.jpg,construction_zone
images/construction_zones/img1045.jpg,construction_zone
images/construction_zones/img1046.jpg,construction_zone
images/construction_zones/img1047.jpg,construction_zone
images/construction_zones/img1048.jpg,construction_zone
images/construction_zones/img1049.jpg,construction_zone
images/construction_zones/img1050.jpg,construction_zone
images/construction_zones/img1051.jpg,construction_zone
images/construction_zones/img1052.jpg,construction_zone
images/construction_zones/img1053.jpg,construction_zone
images/construction_zones/img1054.jpg,construction_zone
images/construction_zones/img1055.jpg,construction_zone
images/construction_zones/img1056.jpg,construction_zone
images/construction_zones/img1057.jpg,construction_zone
images/construction_zones/img1058.jpg,construction_zone
images/construction_zones/img1059.jpg,construction_zone
images/construction_zones/img1060.jpg,construction_zone
images/construction_zones/img1061.jpg,construction_zone
images/construction_zones/img1062.jpg,construction_zone
images/construction_zones/img1063.jpg,construction_zone
images/construction_zones/img1064.jpg,construction_zone
images/construction_zones/img1065.jpg,construction_zone
images/construction_zones/img1066.jpg,construction_zone
images/construction_zones/img1067.jpg,construction_zone
images/construction_zones/img1068.jpg,construction_zone
images/construction_zones/img1069.jpg,construction_zone
images/construction_zones/img1070.jpg,construction_zone
images/construction_zones/img1071.jpg,construction_zone
images/construction_zones/img1072.jpg,construction_zone
images/construction_zones/img1073.jpg,construction_zone
images/construction_zones/img1074.jpg,construction_zone
images/construction_zones/img1075.jpg,construction_zone
images/construction_zones/img1076.jpg,construction_zone
images/construction_zones/img1077.jpg,construction_zone
images/construction_zones/img1078.jpg,construction_zone
images/construction_zones/img1079.jpg,construction_zone
images/construction_zones/img1080.jpg,construction_zone
images/construction_zones/img1081.jpg,construction_zone
images/construction_zones/img1082.jpg,construction_zone
images/construction_zones/img1083.jpg,construction_zone
images/construction_zones/img1084.jpg,construction_zone
images/construction_zones/img1085.jpg,construction_zone
images/construction_zones/img1086.jpg,construction_zone
images/construction_zones/img1087.jpg,construction_zone
images/construction_zones/img1088.jpg,construction_zone
images/construction_zones/img1089.jpg,construction_zone
images/construction_zones/img1090.jpg,construction_zone
images/construction_zones/img1091.jpg,construction_zone
images/construction_zones/img1092.jpg,construction_zone
images/construction_zones/img1093.jpg,construction_zone
images/construction_zones/img1094.jpg,construction_zone
images/construction_zones/img1095.jpg,construction_zone
images/construction_zones/img1096.jpg,construction_zone
images/construction_zones/img1097.jpg,construction_zone
images/construction_zones/img1098.jpg,construction_zone
images/construction_zones/img1099.jpg,construction_zone
images/construction_zones/img1100.jpg,construction_zone
images/construction_zones/img1101.jpg,construction_zone
images/construction_zones/img1102.jpg,construction_zone
images/construction_zones/img1103.jpg,construction_zone
images/construction_zones/img1104.jpg,construction_zone
images/construction_zones/img1105.jpg,construction_zone
images/construction_zones/img1106.jpg,construction_zone
images/construction_zones/img1107.jpg,construction_zone
images/construction_zones/img1108.jpg,construction_zone
images/construction_zones/img1109.jpg,construction_zone
images/construction_zones/img1110.jpg,construction_zone
images/construction_zones/img1111.jpg,construction_zone
images/construction_zones/img1112.jpg,construction_zone
images/construction_zones/img1113.jpg,construction_zone
images/construction_zones/img1114.jpg,construction_zone
images/construction_zones/img1115.jpg,construction_zone
images/construction_zones/img1116.jpg,construction_zone
images/construction_zones/img1117.jpg,construction_zone
images/construction_zones/img1118.jpg,construction_zone
images/construction_zones/img1119.jpg,construction_zone
images/construction_zones/img1120.jpg,construction_zone
images/construction_zones/img1121.jpg,construction_zone
images/construction_zones/img1122.jpg,construction_zone
images/construction_zones/img1123.jpg,construction_zone
images/construction_zones/img1124.jpg,construction_zone
images/construction_zones/img1125.jpg,construction_zone
images/construction_zones/img1126.jpg,construction_zone
images/construction_zones/img1127.jpg,construction_zone
images/construction_zones/img1128.jpg,construction_zone
images/construction_zones/img1129.jpg,construction_zone
images/construction_zones/img1130.jpg,construction_zone
images/construction_zones/img1131.jpg,construction_zone
images/construction_zones/img1132.jpg,construction_zone
images/construction_zones/img1133.jpg,construction_zone
images/construction_zones/img1134.jpg,construction_zone
images/construction_zones/img1135.jpg,construction_zone
images/construction_zones/img1136.jpg,construction_zone
images/construction_zones/img1137.jpg,construction_zone
images/construction_zones/img1138.jpg,construction_zone
images/construction_zones/img1139.jpg,construction_zone
images/construction_zones/img1140.jpg,construction_zone
images/construction_zones/img1141.jpg,construction_zone
images/construction_zones/img1142.jpg,construction_zone
images/construction_zones/img1143.jpg,construction_zone
images/construction_zones/img1144.jpg,construction_zone
images/construction_zones/img1145.jpg,construction_zone
images/construction_zones/img1146.jpg,construction_zone
images/construction_zones/img1147.jpg,construction_zone
images/construction_zones/img1148.jpg,construction_zone
images/construction_zones/img1149.jpg,construction_zone
images/construction_zones/img1150.jpg,construction_zone
images/construction_zones/img1151.jpg,construction_zone
images/construction_zones/img1152.jpg,construction_zone
images/construction_zones/img1153.jpg,construction_zone
images/construction_zones/img1154.jpg,construction_zone
images/construction_zones/img1155.jpg,construction_zone
images/construction_zones/img1156.jpg,construction_zone
images/construction_zones/img1157.jpg,construction_zone
images/construction_zones/img1158.jpg,construction_zone
images/construction_zones/img1159.jpg,construction_zone
images/construction_zones/img1160.jpg,construction_zone
images/construction_zones/img1161.jpg,construction_zone
images/construction_zones/img1162.jpg,construction_zone
images/construction_zones/img1163.jpg,construction_zone
images/construction_zones/img1164.jpg,construction_zone
images/construction_zones/img1165.jpg,construction_zone
images/construction_zones/img1166.jpg,construction_zone
images/construction_zones/img1167.jpg,construction_zone
images/construction_zones/img1168.jpg,construction_zone
images/construction_zones/img1169.jpg,construction_zone
images/construction_zones/img1170.jpg,construction_zone
images/construction_zones/img1171.jpg,construction_zone
images/construction_zones/img1172.jpg,construction_zone
images/construction_zones/img1173.jpg,construction_zone
images/construction_zones/img1174.jpg,construction_zone
images/construction_zones/img1175.jpg,construction_zone
images/construction_zones/img1176.jpg,construction_zone
images/construction_zones/img1177.jpg,construction_zone
images/construction_zones/img1178.jpg,construction_zone
images/construction_zones/img1179.jpg,construction_zone
images/construction_zones/img1180.jpg,construction_zone
images/construction_zones/img1181.jpg,construction_zone
images/construction_zones/img1182.jpg,construction_zone
images/construction_zones/img1183.jpg,construction_zone
images/construction_zones/img1184.jpg,construction_zone
images/construction_zones/img1185.jpg,construction_zone
images/construction_zones/img1186.jpg,construction_zone
images/construction_zones/img1187.jpg,construction_zone
images/construction_zones/img1188.jpg,construction_zone
images/construction_zones/img1189.jpg,construction_zone
images/construction_zones/img1190.jpg,construction_zone
images/construction_zones/img1191.jpg,construction_zone
images/construction_zones/img1192.jpg,construction_zone
images/construction_zones/img1193.jpg,construction_zone
images/construction_zones/img1194.jpg,construction_zone
images/construction_zones/img1195.jpg,construction_zone
images/construction_zones/img1196.jpg,construction_zone
images/construction_zones/img1197.jpg,construction_zone
images/construction_zones/img1198.jpg,construction_zone
images/construction_zones/img1199.jpg,construction_zone
images/construction_zones/img1200.jpg,construction_zone